Workbook

Sheet Color clustering
B1: image | C1: Pre-alignement | E1: Post-alignement
E2: Random correction | G2: Color classification
A3: 1_cuboid/cube_rand_axis/Col_clust | C3: #e65a4a | D3: #fefefe | E3: #e65a4a | F3: #fefefe | G3: #e65a4a | H3: #fefefe
B4: 0 | C4: 2 | D4: 159998 | E4: 2 | F4: 159998 | G4: 2 | H4: 159998
B5: 1 | C5: 6 | D5: 159994 | E5: 0 | F5: 160000 | G5: 5 | H5: 159995
B6: 2 | C6: 25 | D6: 159975 | E6: 0 | F6: 160000 | G6: 25 | H6: 159975
B7: 3 | C7: 39 | D7: 159961 | E7: 0 | F7: 160000 | G7: 37 | H7: 159963
B8: 4 | C8: 71 | D8: 159929 | E8: 2 | F8: 159998 | G8: 71 | H8: 159929
B9: 5 | C9: 92 | D9: 159908 | E9: 0 | F9: 160000 | G9: 81 | H9: 159919
B10: 6 | C10: 119 | D10: 159881 | E10: 2 | F10: 159998 | G10: 119 | H10: 159881
B11: 7 | C11: 181 | D11: 159819 | E11: 2 | F11: 159998 | G11: 181 | H11: 159819
B12: 8 | C12: 214 | D12: 159786 | E12: 1 | F12: 159999 | G12: 214 | H12: 159786
B13: 9 | C13: 275 | D13: 159725 | E13: 0 | F13: 160000 | G13: 293 | H13: 159707
B14: 10 | C14: 340 | D14: 159660 | E14: 0 | F14: 160000 | G14: 318 | H14: 159682
B15: 11 | C15: 417 | D15: 159583 | E15: 5 | F15: 159995 | G15: 414 | H15: 159586
... B144: 140 | C144: 2 | D144: 159998 | E144: 0 | F144: 160000 | G144: 1 | H144: 159999
B145: Total | C145: =SUM(C4:C144) -> 598176 | D145: =SUM(D4:D144) -> 21961824 | E145: =SUM(E4:E144) -> 16142 | F145: =SUM(F4:F144) -> 22543858 | G145: =SUM(G4:G144) -> 598140 | H145: =SUM(H4:H144) -> 21961860
B150: image | C150: Error
C151: Random correction | F151: Color classification
A152: 1_cuboid/cube_rand_axis/Col_clust | C152: =C3 -> #e65a4a | D152: =D3 -> #fefefe | F152: =C3 -> #e65a4a | G152: =D3 -> #fefefe
B153: 0 | C153: =(ABS(C4-E4)/C4)*100 -> 0 | D153: =(ABS(D4-F4)/D4)*100 -> 0 | F153: =(ABS(C4-G4)/C4)*100 -> 0 | G153: =(ABS(D4-H4)/D4)*100 -> 0
B154: 1 | C154: =(ABS(C5-E5)/C5)*100 -> 100 | D154: =(ABS(D5-F5)/D5)*100 -> 0.0037501406 | F154: =(ABS(C5-G5)/C5)*100 -> 16.666667 | G154: =(ABS(D5-H5)/D5)*100 -> 0.00062502344
B155: 2 | C155: =(ABS(C6-E6)/C6)*100 -> 100 | D155: =(ABS(D6-F6)/D6)*100 -> 0.015627442 | F155: =(ABS(C6-G6)/C6)*100 -> 0 | G155: =(ABS(D6-H6)/D6)*100 -> 0
B156: 3 | C156: =(ABS(C7-E7)/C7)*100 -> 100 | D156: =(ABS(D7-F7)/D7)*100 -> 0.024380943 | F156: =(ABS(C7-G7)/C7)*100 -> 5.1282051 | G156: =(ABS(D7-H7)/D7)*100 -> 0.0012503048
B157: 4 | C157: =(ABS(C8-E8)/C8)*100 -> 97.183099 | D157: =(ABS(D8-F8)/D8)*100 -> 0.043144145 | F157: =(ABS(C8-G8)/C8)*100 -> 0 | G157: =(ABS(D8-H8)/D8)*100 -> 0
B158: 5 | C158: =(ABS(C9-E9)/C9)*100 -> 100 | D158: =(ABS(D9-F9)/D9)*100 -> 0.057533082 | F158: =(ABS(C9-G9)/C9)*100 -> 11.956522 | G158: =(ABS(D9-H9)/D9)*100 -> 0.0068789554
B159: 6 | C159: =(ABS(C10-E10)/C10)*100 -> 98.319328 | D159: =(ABS(D10-F10)/D10)*100 -> 0.073179427 | F159: =(ABS(C10-G10)/C10)*100 -> 0 | G159: =(ABS(D10-H10)/D10)*100 -> 0
B160: 7 | C160: =(ABS(C11-E11)/C11)*100 -> 98.895028 | D160: =(ABS(D11-F11)/D11)*100 -> 0.1120017 | F160: =(ABS(C11-G11)/C11)*100 -> 0 | G160: =(ABS(D11-H11)/D11)*100 -> 0
B161: 8 | C161: =(ABS(C12-E12)/C12)*100 -> 99.53271 | D161: =(ABS(D12-F12)/D12)*100 -> 0.13330329 | F161: =(ABS(C12-G12)/C12)*100 -> 0 | G161: =(ABS(D12-H12)/D12)*100 -> 0
B162: 9 | C162: =(ABS(C13-E13)/C13)*100 -> 100 | D162: =(ABS(D13-F13)/D13)*100 -> 0.17217092 | F162: =(ABS(C13-G13)/C13)*100 -> 6.5454545 | G162: =(ABS(D13-H13)/D13)*100 -> 0.011269369
B163: 10 | C163: =(ABS(C14-E14)/C14)*100 -> 100 | D163: =(ABS(D14-F14)/D14)*100 -> 0.21295252 | F163: =(ABS(C14-G14)/C14)*100 -> 6.4705882 | G163: =(ABS(D14-H14)/D14)*100 -> 0.013779281
B164: 11 | C164: =(ABS(C15-E15)/C15)*100 -> 98.800959 | D164: =(ABS(D15-F15)/D15)*100 -> 0.25817286 | F164: =(ABS(C15-G15)/C15)*100 -> 0.71942446 | G164: =(ABS(D15-H15)/D15)*100 -> 0.0018798995
... B292: 139 | C292: =(ABS(C143-E143)/C143)*100 -> 100 | D292: =(ABS(D143-F143)/D143)*100 -> 0.0037501406 | F292: =(ABS(C143-G143)/C143)*100 -> 16.666667 | G292: =(ABS(D143-H143)/D143)*100 -> 0.00062502344
B293: 140 | C293: =(ABS(C144-E144)/C144)*100 -> 100 | D293: =(ABS(D144-F144)/D144)*100 -> 0.0012500156 | E293: MAPE | F293: =(ABS(C144-G144)/C144)*100 -> 50 | G293: =(ABS(D144-H144)/D144)*100 -> 0.00062500781 | H293: MAPE
B294: Total | C294: =(ABS(SUM(C4:C144)-SUM(E4:E144))/SUM(C4:C144))*100 -> 97.301463 | D294: =(ABS(SUM(D4:D144)-SUM(F4:F144))/SUM(D4:D144))*100 -> 2.6502079 | E294: =SUM(C153:D293)/(141*2) -> 49.714022 | F294: =(ABS(SUM(C4:C144)-SUM(G4:G144))/SUM(C4:C144))*100 -> 0.0060182956 | G294: =(ABS(SUM(D4:D144)-SUM(H4:H144))/SUM(D4:D144))*100 -> 0.00016392081 | H294: =SUM(F153:G293)/(141*2) -> 0.50591999

Sheet Color classification
B1: image | C1: Pre-alignement | E1: Post-alignement
E2: Random correction | G2: Color classification
A3: 1_cuboid/cube_rand_axis/Col_class | C3: #e65a49 | D3: #ffffff | E3: #e65a49 | F3: #ffffff | G3: #e65a49 | H3: #ffffff
B4: 0 | C4: 2 | D4: 159998 | E4: 2 | F4: 159998 | G4: 2 | H4: 159998
B5: 1 | C5: 6 | D5: 159994 | E5: 0 | F5: 160000 | G5: 5 | H5: 159995
B6: 2 | C6: 25 | D6: 159975 | E6: 0 | F6: 160000 | G6: 25 | H6: 159975
B7: 3 | C7: 39 | D7: 159961 | E7: 0 | F7: 160000 | G7: 37 | H7: 159963
B8: 4 | C8: 71 | D8: 159929 | E8: 0 | F8: 160000 | G8: 71 | H8: 159929
B9: 5 | C9: 92 | D9: 159908 | E9: 0 | F9: 160000 | G9: 81 | H9: 159919
B10: 6 | C10: 119 | D10: 159881 | E10: 21 | F10: 159979 | G10: 119 | H10: 159881
B11: 7 | C11: 181 | D11: 159819 | E11: 3 | F11: 159997 | G11: 181 | H11: 159819
B12: 8 | C12: 214 | D12: 159786 | E12: 3 | F12: 159997 | G12: 215 | H12: 159785
B13: 9 | C13: 275 | D13: 159725 | E13: 0 | F13: 160000 | G13: 293 | H13: 159707
B14: 10 | C14: 340 | D14: 159660 | E14: 0 | F14: 160000 | G14: 318 | H14: 159682
B15: 11 | C15: 417 | D15: 159583 | E15: 4 | F15: 159996 | G15: 415 | H15: 159585
... B144: 140 | C144: 2 | D144: 159998 | E144: 0 | F144: 160000 | G144: 1 | H144: 159999
B145: Total | C145: =SUM(C4:C144) -> 598176 | D145: =SUM(D4:D144) -> 21961824 | E145: =SUM(E4:E144) -> 21455 | F145: =SUM(F4:F144) -> 22538545 | G145: =SUM(G4:G144) -> 598313 | H145: =SUM(H4:H144) -> 21961687
B150: image | C150: Error
C151: Random correction | F151: Color classification
A152: 1_cuboid/cube_rand_axis/Col_clust | C152: =C3 -> #e65a49 | D152: =D3 -> #ffffff | F152: =C3 -> #e65a49 | G152: =D3 -> #ffffff
B153: 0 | C153: =(ABS(C4-E4)/C4)*100 -> 0 | D153: =(ABS(D4-F4)/D4)*100 -> 0 | F153: =(ABS(C4-G4)/C4)*100 -> 0 | G153: =(ABS(D4-H4)/D4)*100 -> 0
B154: 1 | C154: =(ABS(C5-E5)/C5)*100 -> 100 | D154: =(ABS(D5-F5)/D5)*100 -> 0.0037501406 | F154: =(ABS(C5-G5)/C5)*100 -> 16.666667 | G154: =(ABS(D5-H5)/D5)*100 -> 0.00062502344
B155: 2 | C155: =(ABS(C6-E6)/C6)*100 -> 100 | D155: =(ABS(D6-F6)/D6)*100 -> 0.015627442 | F155: =(ABS(C6-G6)/C6)*100 -> 0 | G155: =(ABS(D6-H6)/D6)*100 -> 0
B156: 3 | C156: =(ABS(C7-E7)/C7)*100 -> 100 | D156: =(ABS(D7-F7)/D7)*100 -> 0.024380943 | F156: =(ABS(C7-G7)/C7)*100 -> 5.1282051 | G156: =(ABS(D7-H7)/D7)*100 -> 0.0012503048
B157: 4 | C157: =(ABS(C8-E8)/C8)*100 -> 100 | D157: =(ABS(D8-F8)/D8)*100 -> 0.0443947 | F157: =(ABS(C8-G8)/C8)*100 -> 0 | G157: =(ABS(D8-H8)/D8)*100 -> 0
B158: 5 | C158: =(ABS(C9-E9)/C9)*100 -> 100 | D158: =(ABS(D9-F9)/D9)*100 -> 0.057533082 | F158: =(ABS(C9-G9)/C9)*100 -> 11.956522 | G158: =(ABS(D9-H9)/D9)*100 -> 0.0068789554
B159: 6 | C159: =(ABS(C10-E10)/C10)*100 -> 82.352941 | D159: =(ABS(D10-F10)/D10)*100 -> 0.061295589 | F159: =(ABS(C10-G10)/C10)*100 -> 0 | G159: =(ABS(D10-H10)/D10)*100 -> 0
B160: 7 | C160: =(ABS(C11-E11)/C11)*100 -> 98.342541 | D160: =(ABS(D11-F11)/D11)*100 -> 0.11137599 | F160: =(ABS(C11-G11)/C11)*100 -> 0 | G160: =(ABS(D11-H11)/D11)*100 -> 0
B161: 8 | C161: =(ABS(C12-E12)/C12)*100 -> 98.598131 | D161: =(ABS(D12-F12)/D12)*100 -> 0.13205162 | F161: =(ABS(C12-G12)/C12)*100 -> 0.46728972 | G161: =(ABS(D12-H12)/D12)*100 -> 0.00062583706
B162: 9 | C162: =(ABS(C13-E13)/C13)*100 -> 100 | D162: =(ABS(D13-F13)/D13)*100 -> 0.17217092 | F162: =(ABS(C13-G13)/C13)*100 -> 6.5454545 | G162: =(ABS(D13-H13)/D13)*100 -> 0.011269369
B163: 10 | C163: =(ABS(C14-E14)/C14)*100 -> 100 | D163: =(ABS(D14-F14)/D14)*100 -> 0.21295252 | F163: =(ABS(C14-G14)/C14)*100 -> 6.4705882 | G163: =(ABS(D14-H14)/D14)*100 -> 0.013779281
B164: 11 | C164: =(ABS(C15-E15)/C15)*100 -> 99.040767 | D164: =(ABS(D15-F15)/D15)*100 -> 0.2587995 | F164: =(ABS(C15-G15)/C15)*100 -> 0.47961631 | G164: =(ABS(D15-H15)/D15)*100 -> 0.0012532663
... B292: 139 | C292: =(ABS(C143-E143)/C143)*100 -> 100 | D292: =(ABS(D143-F143)/D143)*100 -> 0.0037501406 | F292: =(ABS(C143-G143)/C143)*100 -> 0 | G292: =(ABS(D143-H143)/D143)*100 -> 0
B293: 140 | C293: =(ABS(C144-E144)/C144)*100 -> 100 | D293: =(ABS(D144-F144)/D144)*100 -> 0.0012500156 | E293: MAPE | F293: =(ABS(C144-G144)/C144)*100 -> 50 | G293: =(ABS(D144-H144)/D144)*100 -> 0.00062500781 | H293: MAPE
B294: Total | C294: =(ABS(SUM(C4:C144)-SUM(E4:E144))/SUM(C4:C144))*100 -> 96.413263 | D294: =(ABS(SUM(D4:D144)-SUM(F4:F144))/SUM(D4:D144))*100 -> 2.6260159 | E294: =SUM(C153:D293)/(141*2) -> 49.43352 | F294: =(ABS(SUM(C4:C144)-SUM(G4:G144))/SUM(C4:C144))*100 -> 0.022902958 | G294: =(ABS(SUM(D4:D144)-SUM(H4:H144))/SUM(D4:D144))*100 -> 0.00062380975 | H294: =SUM(F153:G293)/(141*2) -> 0.49860804

Sheet Comparison with original
B1: image | C1: Original | E1: Clustering | I1: Classification
E2: Random correction | G2: Color classification | I2: Random correction | K2: Color classification
A3: 1_cuboid/cube_rand_axis | C3: #e65a49 | D3: #ffffff | E3: ='Color clustering'!E3 -> #e65a4a | F3: ='Color clustering'!F3 -> #fefefe | G3: ='Color clustering'!G3 -> #e65a4a | H3: ='Color clustering'!H3 -> #fefefe | I3: ='Color classification'!E3 -> #e65a49 | J3: ='Color classification'!F3 -> #ffffff | K3: ='Color classification'!G3 -> #e65a49 | L3: ='Color classification'!H3 -> #ffffff
B4: 0 | C4: 2 | D4: 159998 | E4: ='Color clustering'!E4 -> 2 | F4: ='Color clustering'!F4 -> 159998 | G4: ='Color clustering'!G4 -> 2 | H4: ='Color clustering'!H4 -> 159998 | I4: ='Color classification'!E4 -> 2 | J4: ='Color classification'!F4 -> 159998 | K4: ='Color classification'!G4 -> 2 | L4: ='Color classification'!H4 -> 159998
B5: 1 | C5: 6 | D5: 159994 | E5: ='Color clustering'!E5 -> 0 | F5: ='Color clustering'!F5 -> 160000 | G5: ='Color clustering'!G5 -> 5 | H5: ='Color clustering'!H5 -> 159995 | I5: ='Color classification'!E5 -> 0 | J5: ='Color classification'!F5 -> 160000 | K5: ='Color classification'!G5 -> 5 | L5: ='Color classification'!H5 -> 159995
B6: 2 | C6: 22 | D6: 159978 | E6: ='Color clustering'!E6 -> 0 | F6: ='Color clustering'!F6 -> 160000 | G6: ='Color clustering'!G6 -> 25 | H6: ='Color clustering'!H6 -> 159975 | I6: ='Color classification'!E6 -> 0 | J6: ='Color classification'!F6 -> 160000 | K6: ='Color classification'!G6 -> 25 | L6: ='Color classification'!H6 -> 159975
B7: 3 | C7: 42 | D7: 159958 | E7: ='Color clustering'!E7 -> 0 | F7: ='Color clustering'!F7 -> 160000 | G7: ='Color clustering'!G7 -> 37 | H7: ='Color clustering'!H7 -> 159963 | I7: ='Color classification'!E7 -> 0 | J7: ='Color classification'!F7 -> 160000 | K7: ='Color classification'!G7 -> 37 | L7: ='Color classification'!H7 -> 159963
B8: 4 | C8: 71 | D8: 159929 | E8: ='Color clustering'!E8 -> 2 | F8: ='Color clustering'!F8 -> 159998 | G8: ='Color clustering'!G8 -> 71 | H8: ='Color clustering'!H8 -> 159929 | I8: ='Color classification'!E8 -> 0 | J8: ='Color classification'!F8 -> 160000 | K8: ='Color classification'!G8 -> 71 | L8: ='Color classification'!H8 -> 159929
B9: 5 | C9: 92 | D9: 159908 | E9: ='Color clustering'!E9 -> 0 | F9: ='Color clustering'!F9 -> 160000 | G9: ='Color clustering'!G9 -> 81 | H9: ='Color clustering'!H9 -> 159919 | I9: ='Color classification'!E9 -> 0 | J9: ='Color classification'!F9 -> 160000 | K9: ='Color classification'!G9 -> 81 | L9: ='Color classification'!H9 -> 159919
B10: 6 | C10: 132 | D10: 159868 | E10: ='Color clustering'!E10 -> 2 | F10: ='Color clustering'!F10 -> 159998 | G10: ='Color clustering'!G10 -> 119 | H10: ='Color clustering'!H10 -> 159881 | I10: ='Color classification'!E10 -> 21 | J10: ='Color classification'!F10 -> 159979 | K10: ='Color classification'!G10 -> 119 | L10: ='Color classification'!H10 -> 159881
B11: 7 | C11: 181 | D11: 159819 | E11: ='Color clustering'!E11 -> 2 | F11: ='Color clustering'!F11 -> 159998 | G11: ='Color clustering'!G11 -> 181 | H11: ='Color clustering'!H11 -> 159819 | I11: ='Color classification'!E11 -> 3 | J11: ='Color classification'!F11 -> 159997 | K11: ='Color classification'!G11 -> 181 | L11: ='Color classification'!H11 -> 159819
B12: 8 | C12: 210 | D12: 159790 | E12: ='Color clustering'!E12 -> 1 | F12: ='Color clustering'!F12 -> 159999 | G12: ='Color clustering'!G12 -> 214 | H12: ='Color clustering'!H12 -> 159786 | I12: ='Color classification'!E12 -> 3 | J12: ='Color classification'!F12 -> 159997 | K12: ='Color classification'!G12 -> 215 | L12: ='Color classification'!H12 -> 159785
B13: 9 | C13: 275 | D13: 159725 | E13: ='Color clustering'!E13 -> 0 | F13: ='Color clustering'!F13 -> 160000 | G13: ='Color clustering'!G13 -> 293 | H13: ='Color clustering'!H13 -> 159707 | I13: ='Color classification'!E13 -> 0 | J13: ='Color classification'!F13 -> 160000 | K13: ='Color classification'!G13 -> 293 | L13: ='Color classification'!H13 -> 159707
B14: 10 | C14: 340 | D14: 159660 | E14: ='Color clustering'!E14 -> 0 | F14: ='Color clustering'!F14 -> 160000 | G14: ='Color clustering'!G14 -> 318 | H14: ='Color clustering'!H14 -> 159682 | I14: ='Color classification'!E14 -> 0 | J14: ='Color classification'!F14 -> 160000 | K14: ='Color classification'!G14 -> 318 | L14: ='Color classification'!H14 -> 159682
B15: 11 | C15: 417 | D15: 159583 | E15: ='Color clustering'!E15 -> 5 | F15: ='Color clustering'!F15 -> 159995 | G15: ='Color clustering'!G15 -> 414 | H15: ='Color clustering'!H15 -> 159586 | I15: ='Color classification'!E15 -> 4 | J15: ='Color classification'!F15 -> 159996 | K15: ='Color classification'!G15 -> 415 | L15: ='Color classification'!H15 -> 159585
... B144: 140 | C144: 2 | D144: 159998 | E144: ='Color clustering'!E144 -> 0 | F144: ='Color clustering'!F144 -> 160000 | G144: ='Color clustering'!G144 -> 1 | H144: ='Color clustering'!H144 -> 159999 | I144: ='Color classification'!E144 -> 0 | J144: ='Color classification'!F144 -> 160000 | K144: ='Color classification'!G144 -> 1 | L144: ='Color classification'!H144 -> 159999
B145: Total | C145: =SUM(C4:C144) -> 598531 | D145: =SUM(D4:D144) -> 21961469 | E145: =SUM(E4:E144) -> 16142 | F145: =SUM(F4:F144) -> 22543858 | G145: =SUM(G4:G144) -> 598140 | H145: =SUM(H4:H144) -> 21961860 | I145: =SUM(I4:I144) -> 21455 | J145: =SUM(J4:J144) -> 22538545 | ... L145: =SUM(L4:L144) -> 21961687
B150: image | C150: Error clustering | I150: Error classification
C151: Random correction | F151: Color classification | I151: Random correction | L151: Color classification
A152: 1_cuboid/cube_rand_axis | C152: =E3 -> #e65a4a | D152: =F3 -> #fefefe | F152: =G3 -> #e65a4a | G152: =H3 -> #fefefe | I152: =I3 -> #e65a49 | J152: =J3 -> #ffffff | L152: =K3 -> #e65a49 | M152: =L3 -> #ffffff
B153: 0 | C153: =(ABS(C4-E4)/C4)*100 -> 0 | D153: =(ABS(D4-F4)/D4)*100 -> 0 | F153: =(ABS(C4-G4)/C4)*100 -> 0 | G153: =(ABS(D4-H4)/D4)*100 -> 0 | I153: =(ABS(C4-I4)/C4)*100 -> 0 | J153: =(ABS(D4-J4)/D4)*100 -> 0 | L153: =(ABS(C4-K4)/C4)*100 -> 0 | M153: =(ABS(D4-L4)/D4)*100 -> 0
B154: 1 | C154: =(ABS(C5-E5)/C5)*100 -> 100 | D154: =(ABS(D5-F5)/D5)*100 -> 0.0037501406 | F154: =(ABS(C5-G5)/C5)*100 -> 16.666667 | G154: =(ABS(D5-H5)/D5)*100 -> 0.00062502344 | I154: =(ABS(C5-I5)/C5)*100 -> 100 | J154: =(ABS(D5-J5)/D5)*100 -> 0.0037501406 | L154: =(ABS(C5-K5)/C5)*100 -> 16.666667 | M154: =(ABS(D5-L5)/D5)*100 -> 0.00062502344
B155: 2 | C155: =(ABS(C6-E6)/C6)*100 -> 100 | D155: =(ABS(D6-F6)/D6)*100 -> 0.013751891 | F155: =(ABS(C6-G6)/C6)*100 -> 13.636364 | G155: =(ABS(D6-H6)/D6)*100 -> 0.0018752578 | I155: =(ABS(C6-I6)/C6)*100 -> 100 | J155: =(ABS(D6-J6)/D6)*100 -> 0.013751891 | L155: =(ABS(C6-K6)/C6)*100 -> 13.636364 | M155: =(ABS(D6-L6)/D6)*100 -> 0.0018752578
B156: 3 | C156: =(ABS(C7-E7)/C7)*100 -> 100 | D156: =(ABS(D7-F7)/D7)*100 -> 0.026256892 | F156: =(ABS(C7-G7)/C7)*100 -> 11.904762 | G156: =(ABS(D7-H7)/D7)*100 -> 0.0031258205 | I156: =(ABS(C7-I7)/C7)*100 -> 100 | J156: =(ABS(D7-J7)/D7)*100 -> 0.026256892 | L156: =(ABS(C7-K7)/C7)*100 -> 11.904762 | M156: =(ABS(D7-L7)/D7)*100 -> 0.0031258205
B157: 4 | C157: =(ABS(C8-E8)/C8)*100 -> 97.183099 | D157: =(ABS(D8-F8)/D8)*100 -> 0.043144145 | F157: =(ABS(C8-G8)/C8)*100 -> 0 | G157: =(ABS(D8-H8)/D8)*100 -> 0 | I157: =(ABS(C8-I8)/C8)*100 -> 100 | J157: =(ABS(D8-J8)/D8)*100 -> 0.0443947 | L157: =(ABS(C8-K8)/C8)*100 -> 0 | M157: =(ABS(D8-L8)/D8)*100 -> 0
B158: 5 | C158: =(ABS(C9-E9)/C9)*100 -> 100 | D158: =(ABS(D9-F9)/D9)*100 -> 0.057533082 | F158: =(ABS(C9-G9)/C9)*100 -> 11.956522 | G158: =(ABS(D9-H9)/D9)*100 -> 0.0068789554 | I158: =(ABS(C9-I9)/C9)*100 -> 100 | J158: =(ABS(D9-J9)/D9)*100 -> 0.057533082 | L158: =(ABS(C9-K9)/C9)*100 -> 11.956522 | M158: =(ABS(D9-L9)/D9)*100 -> 0.0068789554
B159: 6 | C159: =(ABS(C10-E10)/C10)*100 -> 98.484848 | D159: =(ABS(D10-F10)/D10)*100 -> 0.081317087 | F159: =(ABS(C10-G10)/C10)*100 -> 9.8484848 | G159: =(ABS(D10-H10)/D10)*100 -> 0.0081317087 | I159: =(ABS(C10-I10)/C10)*100 -> 84.090909 | J159: =(ABS(D10-J10)/D10)*100 -> 0.069432282 | L159: =(ABS(C10-K10)/C10)*100 -> 9.8484848 | M159: =(ABS(D10-L10)/D10)*100 -> 0.0081317087
B160: 7 | C160: =(ABS(C11-E11)/C11)*100 -> 98.895028 | D160: =(ABS(D11-F11)/D11)*100 -> 0.1120017 | F160: =(ABS(C11-G11)/C11)*100 -> 0 | G160: =(ABS(D11-H11)/D11)*100 -> 0 | I160: =(ABS(C11-I11)/C11)*100 -> 98.342541 | J160: =(ABS(D11-J11)/D11)*100 -> 0.11137599 | L160: =(ABS(C11-K11)/C11)*100 -> 0 | M160: =(ABS(D11-L11)/D11)*100 -> 0
B161: 8 | C161: =(ABS(C12-E12)/C12)*100 -> 99.52381 | D161: =(ABS(D12-F12)/D12)*100 -> 0.13079667 | F161: =(ABS(C12-G12)/C12)*100 -> 1.9047619 | G161: =(ABS(D12-H12)/D12)*100 -> 0.0025032856 | I161: =(ABS(C12-I12)/C12)*100 -> 98.571429 | J161: =(ABS(D12-J12)/D12)*100 -> 0.12954503 | L161: =(ABS(C12-K12)/C12)*100 -> 2.3809524 | M161: =(ABS(D12-L12)/D12)*100 -> 0.003129107
B162: 9 | C162: =(ABS(C13-E13)/C13)*100 -> 100 | D162: =(ABS(D13-F13)/D13)*100 -> 0.17217092 | F162: =(ABS(C13-G13)/C13)*100 -> 6.5454545 | G162: =(ABS(D13-H13)/D13)*100 -> 0.011269369 | I162: =(ABS(C13-I13)/C13)*100 -> 100 | J162: =(ABS(D13-J13)/D13)*100 -> 0.17217092 | L162: =(ABS(C13-K13)/C13)*100 -> 6.5454545 | M162: =(ABS(D13-L13)/D13)*100 -> 0.011269369
B163: 10 | C163: =(ABS(C14-E14)/C14)*100 -> 100 | D163: =(ABS(D14-F14)/D14)*100 -> 0.21295252 | F163: =(ABS(C14-G14)/C14)*100 -> 6.4705882 | G163: =(ABS(D14-H14)/D14)*100 -> 0.013779281 | I163: =(ABS(C14-I14)/C14)*100 -> 100 | J163: =(ABS(D14-J14)/D14)*100 -> 0.21295252 | L163: =(ABS(C14-K14)/C14)*100 -> 6.4705882 | M163: =(ABS(D14-L14)/D14)*100 -> 0.013779281
B164: 11 | C164: =(ABS(C15-E15)/C15)*100 -> 98.800959 | D164: =(ABS(D15-F15)/D15)*100 -> 0.25817286 | F164: =(ABS(C15-G15)/C15)*100 -> 0.71942446 | G164: =(ABS(D15-H15)/D15)*100 -> 0.0018798995 | I164: =(ABS(C15-I15)/C15)*100 -> 99.040767 | J164: =(ABS(D15-J15)/D15)*100 -> 0.2587995 | L164: =(ABS(C15-K15)/C15)*100 -> 0.47961631 | M164: =(ABS(D15-L15)/D15)*100 -> 0.0012532663
... B292: 139 | C292: =(ABS(C143-E143)/C143)*100 -> 100 | D292: =(ABS(D143-F143)/D143)*100 -> 0.0037501406 | F292: =(ABS(C143-G143)/C143)*100 -> 16.666667 | G292: =(ABS(D143-H143)/D143)*100 -> 0.00062502344 | I292: =(ABS(C143-I143)/C143)*100 -> 100 | J292: =(ABS(D143-J143)/D143)*100 -> 0.0037501406 | L292: =(ABS(C143-K143)/C143)*100 -> 0 | M292: =(ABS(D143-L143)/D143)*100 -> 0
B293: 140 | C293: =(ABS(C144-E144)/C144)*100 -> 100 | D293: =(ABS(D144-F144)/D144)*100 -> 0.0012500156 | E293: MAPE | F293: =(ABS(C144-G144)/C144)*100 -> 50 | G293: =(ABS(D144-H144)/D144)*100 -> 0.00062500781 | H293: MAPE | I293: =(ABS(C144-I144)/C144)*100 -> 100 | J293: =(ABS(D144-J144)/D144)*100 -> 0.0012500156 | K293: MAPE | L293: =(ABS(C144-K144)/C144)*100 -> 50 | M293: =(ABS(D144-L144)/D144)*100 -> 0.00062500781 | N293: MAPE
B294: Total | C294: =(ABS(SUM(C4:C144)-SUM(E4:E144))/SUM(C4:C144))*100 -> 97.303064 | D294: =(ABS(SUM(D4:D144)-SUM(F4:F144))/SUM(D4:D144))*100 -> 2.6518672 | E294: =SUM(C153:D293)/(141*2) -> 49.716543 | F294: =(ABS(SUM(C4:C144)-SUM(G4:G144))/SUM(C4:C144))*100 -> 0.065326608 | G294: =(ABS(SUM(D4:D144)-SUM(H4:H144))/SUM(D4:D144))*100 -> 0.0017803909 | H294: =SUM(F153:G293)/(141*2) -> 0.74409747 | I294: =(ABS(SUM(C4:C144)-SUM(I4:I144))/SUM(C4:C144))*100 -> 96.41539 | J294: =(ABS(SUM(D4:D144)-SUM(J4:J144))/SUM(D4:D144))*100 -> 2.6276749 | K294: =SUM(I153:J293)/(141*2) -> 49.451453 | L294: =(ABS(SUM(C4:C144)-SUM(K4:K144))/SUM(C4:C144))*100 -> 0.036422508 | M294: =(ABS(SUM(D4:D144)-SUM(L4:L144))/SUM(D4:D144))*100 -> 0.00099264762 | N294: =SUM(L153:M293)/(141*2) -> 0.7287991
