Workbook

Sheet Color clustering
B1: image | C1: Pre-alignement | E1: Post-alignement
E2: Random correction | G2: Color classification
A3: 3_cylinder/cyl_x/Col_clust | C3: #e65a4a | D3: #ffffff | E3: #e65a4a | F3: #ffffff | G3: #e65a4a | H3: #ffffff
B4: 0 | C4: 200 | D4: 159800 | E4: 200 | F4: 159800 | G4: 200 | H4: 159800
B5: 1 | C5: 5000 | D5: 155000 | E5: 0 | F5: 160000 | G5: 4999 | H5: 155001
B6: 2 | C6: 7000 | D6: 153000 | E6: 0 | F6: 160000 | G6: 7014 | H6: 152986
B7: 3 | C7: 8600 | D7: 151400 | E7: 0 | F7: 160000 | G7: 8599 | H7: 151401
B8: 4 | C8: 9810 | D8: 150190 | E8: 1 | F8: 159999 | G8: 9810 | H8: 150190
B9: 5 | C9: 11000 | D9: 149000 | E9: 2 | F9: 159998 | G9: 11002 | H9: 148998
B10: 6 | C10: 12200 | D10: 147800 | E10: 82 | F10: 159918 | G10: 12201 | H10: 147799
B11: 7 | C11: 12999 | D11: 147001 | E11: 2 | F11: 159998 | G11: 13001 | H11: 146999
B12: 8 | C12: 13800 | D12: 146200 | E12: 7 | F12: 159993 | G12: 13802 | H12: 146198
B13: 9 | C13: 14600 | D13: 145400 | E13: 20 | F13: 159980 | G13: 14601 | H13: 145399
B14: 10 | C14: 15400 | D14: 144600 | E14: 8 | F14: 159992 | G14: 15402 | H14: 144598
B15: 11 | C15: 16200 | D15: 143800 | E15: 7 | F15: 159993 | G15: 16201 | H15: 143799
... B164: 160 | C164: 200 | D164: 159800 | E164: 4 | F164: 159996 | G164: 199 | H164: 159801
B165: Total | C165: =SUM(C4:C164) -> 4017614 | D165: =SUM(D4:D164) -> 21742386 | E165: =SUM(E4:E164) -> 28799 | F165: =SUM(F4:F164) -> 25731201 | G165: =SUM(G4:G164) -> 4017828 | H165: =SUM(H4:H164) -> 21742172
B170: image | C170: Error
C171: Random correction | F171: Color classification
A172: 3_cylinder/cyl_x | C172: #e65a4a | D172: ='Comparison with original'!F3 -> #ffffff | F172: =G3 -> #e65a4a | G172: =H3 -> #ffffff
B173: 0 | C173: =(ABS(C4-E4)/C4)*100 -> 0 | D173: =(ABS(D4-F4)/D4)*100 -> 0 | F173: =(ABS(C4-G4)/C4)*100 -> 0 | G173: =(ABS(D4-H4)/D4)*100 -> 0
B174: 1 | C174: =(ABS(C5-E5)/C5)*100 -> 100 | D174: =(ABS(D5-F5)/D5)*100 -> 3.2258065 | F174: =(ABS(C5-G5)/C5)*100 -> 0.02 | G174: =(ABS(D5-H5)/D5)*100 -> 0.00064516129
B175: 2 | C175: =(ABS(C6-E6)/C6)*100 -> 100 | D175: =(ABS(D6-F6)/D6)*100 -> 4.5751634 | F175: =(ABS(C6-G6)/C6)*100 -> 0.2 | G175: =(ABS(D6-H6)/D6)*100 -> 0.0091503268
B176: 3 | C176: =(ABS(C7-E7)/C7)*100 -> 100 | D176: =(ABS(D7-F7)/D7)*100 -> 5.680317 | F176: =(ABS(C7-G7)/C7)*100 -> 0.011627907 | G176: =(ABS(D7-H7)/D7)*100 -> 0.00066050198
B177: 4 | C177: =(ABS(C8-E8)/C8)*100 -> 99.989806 | D177: =(ABS(D8-F8)/D8)*100 -> 6.5310607 | F177: =(ABS(C8-G8)/C8)*100 -> 0 | G177: =(ABS(D8-H8)/D8)*100 -> 0
B178: 5 | C178: =(ABS(C9-E9)/C9)*100 -> 99.981818 | D178: =(ABS(D9-F9)/D9)*100 -> 7.3812081 | F178: =(ABS(C9-G9)/C9)*100 -> 0.018181818 | G178: =(ABS(D9-H9)/D9)*100 -> 0.0013422819
B179: 6 | C179: =(ABS(C10-E10)/C10)*100 -> 99.327869 | D179: =(ABS(D10-F10)/D10)*100 -> 8.1989175 | F179: =(ABS(C10-G10)/C10)*100 -> 0.0081967213 | G179: =(ABS(D10-H10)/D10)*100 -> 0.00067658999
B180: 7 | C180: =(ABS(C11-E11)/C11)*100 -> 99.984614 | D180: =(ABS(D11-F11)/D11)*100 -> 8.8414365 | F180: =(ABS(C11-G11)/C11)*100 -> 0.015385799 | G180: =(ABS(D11-H11)/D11)*100 -> 0.001360535
B181: 8 | C181: =(ABS(C12-E12)/C12)*100 -> 99.949275 | D181: =(ABS(D12-F12)/D12)*100 -> 9.4343365 | F181: =(ABS(C12-G12)/C12)*100 -> 0.014492754 | G181: =(ABS(D12-H12)/D12)*100 -> 0.0013679891
B182: 9 | C182: =(ABS(C13-E13)/C13)*100 -> 99.863014 | D182: =(ABS(D13-F13)/D13)*100 -> 10.02751 | F182: =(ABS(C13-G13)/C13)*100 -> 0.0068493151 | G182: =(ABS(D13-H13)/D13)*100 -> 0.00068775791
B183: 10 | C183: =(ABS(C14-E14)/C14)*100 -> 99.948052 | D183: =(ABS(D14-F14)/D14)*100 -> 10.644537 | F183: =(ABS(C14-G14)/C14)*100 -> 0.012987013 | G183: =(ABS(D14-H14)/D14)*100 -> 0.0013831259
B184: 11 | C184: =(ABS(C15-E15)/C15)*100 -> 99.95679 | D184: =(ABS(D15-F15)/D15)*100 -> 11.260779 | F184: =(ABS(C15-G15)/C15)*100 -> 0.0061728395 | G184: =(ABS(D15-H15)/D15)*100 -> 0.00069541029
... B332: 159 | C332: =(ABS(C163-E163)/C163)*100 -> 95.86 | D332: =(ABS(D163-F163)/D163)*100 -> 3.0922581 | F332: =(ABS(C163-G163)/C163)*100 -> 0 | G332: =(ABS(D163-H163)/D163)*100 -> 0
B333: 160 | C333: =(ABS(C164-E164)/C164)*100 -> 98 | D333: =(ABS(D164-F164)/D164)*100 -> 0.12265332 | E333: MAPE | F333: =(ABS(C164-G164)/C164)*100 -> 0.5 | G333: =(ABS(D164-H164)/D164)*100 -> 0.00062578223 | H333: MAPE
B334: Total | C334: =(ABS(SUM(C4:C164)-SUM(E4:E164))/SUM(C4:C164))*100 -> 99.283182 | D334: =(ABS(SUM(D4:D164)-SUM(F4:F164))/SUM(D4:D164))*100 -> 18.345802 | E334: =SUM(C173:D333)/(161*2) -> 58.650552 | F334: =(ABS(SUM(C4:C164)-SUM(G4:G164))/SUM(C4:C164))*100 -> 0.0053265446 | G334: =(ABS(SUM(D4:D164)-SUM(H4:H164))/SUM(D4:D164))*100 -> 0.0009842526 | H334: =SUM(F173:G333)/(161*2) -> 0.0057356849

Sheet Color classification
B1: image | C1: Pre-alignement | E1: Post-alignement
E2: Random correction | G2: Color classification
A3: 3_cylinder/cyl_x/Col_class | C3: #e65a49 | D3: #ffffff | E3: #e65a49 | F3: #ffffff | G3: #e65a49 | H3: #ffffff
B4: 0 | C4: 200 | D4: 159800 | E4: 200 | F4: 159800 | G4: 200 | H4: 159800
B5: 1 | C5: 5000 | D5: 155000 | E5: 0 | F5: 160000 | G5: 4999 | H5: 155001
B6: 2 | C6: 7000 | D6: 153000 | E6: 0 | F6: 160000 | G6: 7013 | H6: 152987
B7: 3 | C7: 8600 | D7: 151400 | E7: 0 | F7: 160000 | G7: 8599 | H7: 151401
B8: 4 | C8: 9805 | D8: 150195 | E8: 1 | F8: 159999 | G8: 9807 | H8: 150193
B9: 5 | C9: 11000 | D9: 149000 | E9: 9 | F9: 159991 | G9: 11001 | H9: 148999
B10: 6 | C10: 12200 | D10: 147800 | E10: 13 | F10: 159987 | G10: 12202 | H10: 147798
B11: 7 | C11: 12999 | D11: 147001 | E11: 38 | F11: 159962 | G11: 13002 | H11: 146998
B12: 8 | C12: 13800 | D12: 146200 | E12: 43 | F12: 159957 | G12: 13801 | H12: 146199
B13: 9 | C13: 14600 | D13: 145400 | E13: 41 | F13: 159959 | G13: 14602 | H13: 145398
B14: 10 | C14: 15400 | D14: 144600 | E14: 3 | F14: 159997 | G14: 15402 | H14: 144598
B15: 11 | C15: 16200 | D15: 143800 | E15: 0 | F15: 160000 | G15: 16202 | H15: 143798
... B164: 160 | C164: 200 | D164: 159800 | E164: 0 | F164: 160000 | G164: 0 | H164: 160000
B165: Total | C165: =SUM(C4:C164) -> 4016231 | D165: =SUM(D4:D164) -> 21743769 | E165: =SUM(E4:E164) -> 142984 | F165: =SUM(F4:F164) -> 25617016 | G165: =SUM(G4:G164) -> 4016205 | H165: =SUM(H4:H164) -> 21743795
B170: image | C170: Error
C171: Random correction | F171: Color classification
A172: 3_cylinder/cyl_x | C172: ='Comparison with original'!E3 -> #e65a4a | D172: ='Comparison with original'!F3 -> #ffffff | F172: =G3 -> #e65a49 | G172: =H3 -> #ffffff
B173: 0 | C173: =(ABS(C4-E4)/C4)*100 -> 0 | D173: =(ABS(D4-F4)/D4)*100 -> 0 | F173: =(ABS(C4-G4)/C4)*100 -> 0 | G173: =(ABS(D4-H4)/D4)*100 -> 0
B174: 1 | C174: =(ABS(C5-E5)/C5)*100 -> 100 | D174: =(ABS(D5-F5)/D5)*100 -> 3.2258065 | F174: =(ABS(C5-G5)/C5)*100 -> 0.02 | G174: =(ABS(D5-H5)/D5)*100 -> 0.00064516129
B175: 2 | C175: =(ABS(C6-E6)/C6)*100 -> 100 | D175: =(ABS(D6-F6)/D6)*100 -> 4.5751634 | F175: =(ABS(C6-G6)/C6)*100 -> 0.18571429 | G175: =(ABS(D6-H6)/D6)*100 -> 0.008496732
B176: 3 | C176: =(ABS(C7-E7)/C7)*100 -> 100 | D176: =(ABS(D7-F7)/D7)*100 -> 5.680317 | F176: =(ABS(C7-G7)/C7)*100 -> 0.011627907 | G176: =(ABS(D7-H7)/D7)*100 -> 0.00066050198
B177: 4 | C177: =(ABS(C8-E8)/C8)*100 -> 99.989801 | D177: =(ABS(D8-F8)/D8)*100 -> 6.5275142 | F177: =(ABS(C8-G8)/C8)*100 -> 0.020397756 | G177: =(ABS(D8-H8)/D8)*100 -> 0.0013316023
B178: 5 | C178: =(ABS(C9-E9)/C9)*100 -> 99.918182 | D178: =(ABS(D9-F9)/D9)*100 -> 7.3765101 | F178: =(ABS(C9-G9)/C9)*100 -> 0.0090909091 | G178: =(ABS(D9-H9)/D9)*100 -> 0.00067114094
B179: 6 | C179: =(ABS(C10-E10)/C10)*100 -> 99.893443 | D179: =(ABS(D10-F10)/D10)*100 -> 8.2456022 | F179: =(ABS(C10-G10)/C10)*100 -> 0.016393443 | G179: =(ABS(D10-H10)/D10)*100 -> 0.00135318
B180: 7 | C180: =(ABS(C11-E11)/C11)*100 -> 99.70767 | D180: =(ABS(D11-F11)/D11)*100 -> 8.8169468 | F180: =(ABS(C11-G11)/C11)*100 -> 0.023078698 | G180: =(ABS(D11-H11)/D11)*100 -> 0.0020408024
B181: 8 | C181: =(ABS(C12-E12)/C12)*100 -> 99.688406 | D181: =(ABS(D12-F12)/D12)*100 -> 9.4097127 | F181: =(ABS(C12-G12)/C12)*100 -> 0.0072463768 | G181: =(ABS(D12-H12)/D12)*100 -> 0.00068399453
B182: 9 | C182: =(ABS(C13-E13)/C13)*100 -> 99.719178 | D182: =(ABS(D13-F13)/D13)*100 -> 10.013067 | F182: =(ABS(C13-G13)/C13)*100 -> 0.01369863 | G182: =(ABS(D13-H13)/D13)*100 -> 0.0013755158
B183: 10 | C183: =(ABS(C14-E14)/C14)*100 -> 99.980519 | D183: =(ABS(D14-F14)/D14)*100 -> 10.647994 | F183: =(ABS(C14-G14)/C14)*100 -> 0.012987013 | G183: =(ABS(D14-H14)/D14)*100 -> 0.0013831259
B184: 11 | C184: =(ABS(C15-E15)/C15)*100 -> 100 | D184: =(ABS(D15-F15)/D15)*100 -> 11.265647 | F184: =(ABS(C15-G15)/C15)*100 -> 0.012345679 | G184: =(ABS(D15-H15)/D15)*100 -> 0.0013908206
... B332: 159 | C332: =(ABS(C163-E163)/C163)*100 -> 93.28 | D332: =(ABS(D163-F163)/D163)*100 -> 3.0090323 | F332: =(ABS(C163-G163)/C163)*100 -> 0.04 | G332: =(ABS(D163-H163)/D163)*100 -> 0.0012903226
B333: 160 | C333: =(ABS(C164-E164)/C164)*100 -> 100 | D333: =(ABS(D164-F164)/D164)*100 -> 0.12515645 | E333: MAPE | F333: =(ABS(C164-G164)/C164)*100 -> 100 | G333: =(ABS(D164-H164)/D164)*100 -> 0.12515645 | H333: MAPE
B334: Total | C334: =(ABS(SUM(C4:C164)-SUM(E4:E164))/SUM(C4:C164))*100 -> 96.439846 | D334: =(ABS(SUM(D4:D164)-SUM(F4:F164))/SUM(D4:D164))*100 -> 17.813135 | E334: =SUM(C173:D333)/(161*2) -> 57.225784 | F334: =(ABS(SUM(C4:C164)-SUM(G4:G164))/SUM(C4:C164))*100 -> 0.00064737312 | G334: =(ABS(SUM(D4:D164)-SUM(H4:H164))/SUM(D4:D164))*100 -> 0.00011957449 | H334: =SUM(F173:G333)/(161*2) -> 0.31553627

Sheet Comparison with original
B1: image | C1: Original | E1: Clustering | I1: Classification
E2: Random correction | G2: Color classification | I2: Random correction | K2: Color classification
A3: 3_cylinder/cyl_x | C3: #e65a49 | D3: #ffffff | E3: #e65a4a | F3: #ffffff | G3: #e65a4a | H3: #ffffff | I3: #e65a49 | J3: #ffffff | K3: #e65a49 | L3: #ffffff
B4: 0 | C4: 200 | D4: 159800 | E4: ='Color clustering'!E4 -> 200 | F4: ='Color clustering'!F4 -> 159800 | G4: ='Color clustering'!G4 -> 200 | H4: ='Color clustering'!H4 -> 159800 | I4: ='Color classification'!E4 -> 200 | J4: ='Color classification'!F4 -> 159800 | K4: ='Color classification'!G4 -> 200 | L4: ='Color classification'!H4 -> 159800
B5: 1 | C5: 5000 | D5: 155000 | E5: ='Color clustering'!E5 -> 0 | F5: ='Color clustering'!F5 -> 160000 | G5: ='Color clustering'!G5 -> 4999 | H5: ='Color clustering'!H5 -> 155001 | I5: ='Color classification'!E5 -> 0 | J5: ='Color classification'!F5 -> 160000 | K5: ='Color classification'!G5 -> 4999 | L5: ='Color classification'!H5 -> 155001
B6: 2 | C6: 7000 | D6: 153000 | E6: ='Color clustering'!E6 -> 0 | F6: ='Color clustering'!F6 -> 160000 | G6: ='Color clustering'!G6 -> 7014 | H6: ='Color clustering'!H6 -> 152986 | I6: ='Color classification'!E6 -> 0 | J6: ='Color classification'!F6 -> 160000 | K6: ='Color classification'!G6 -> 7013 | L6: ='Color classification'!H6 -> 152987
B7: 3 | C7: 8600 | D7: 151400 | E7: ='Color clustering'!E7 -> 0 | F7: ='Color clustering'!F7 -> 160000 | G7: ='Color clustering'!G7 -> 8599 | H7: ='Color clustering'!H7 -> 151401 | I7: ='Color classification'!E7 -> 0 | J7: ='Color classification'!F7 -> 160000 | K7: ='Color classification'!G7 -> 8599 | L7: ='Color classification'!H7 -> 151401
B8: 4 | C8: 9800 | D8: 150200 | E8: ='Color clustering'!E8 -> 1 | F8: ='Color clustering'!F8 -> 159999 | G8: ='Color clustering'!G8 -> 9810 | H8: ='Color clustering'!H8 -> 150190 | I8: ='Color classification'!E8 -> 1 | J8: ='Color classification'!F8 -> 159999 | K8: ='Color classification'!G8 -> 9807 | L8: ='Color classification'!H8 -> 150193
B9: 5 | C9: 11000 | D9: 149000 | E9: ='Color clustering'!E9 -> 2 | F9: ='Color clustering'!F9 -> 159998 | G9: ='Color clustering'!G9 -> 11002 | H9: ='Color clustering'!H9 -> 148998 | I9: ='Color classification'!E9 -> 9 | J9: ='Color classification'!F9 -> 159991 | K9: ='Color classification'!G9 -> 11001 | L9: ='Color classification'!H9 -> 148999
B10: 6 | C10: 12200 | D10: 147800 | E10: ='Color clustering'!E10 -> 82 | F10: ='Color clustering'!F10 -> 159918 | G10: ='Color clustering'!G10 -> 12201 | H10: ='Color clustering'!H10 -> 147799 | I10: ='Color classification'!E10 -> 13 | J10: ='Color classification'!F10 -> 159987 | K10: ='Color classification'!G10 -> 12202 | L10: ='Color classification'!H10 -> 147798
B11: 7 | C11: 13000 | D11: 147000 | E11: ='Color clustering'!E11 -> 2 | F11: ='Color clustering'!F11 -> 159998 | G11: ='Color clustering'!G11 -> 13001 | H11: ='Color clustering'!H11 -> 146999 | I11: ='Color classification'!E11 -> 38 | J11: ='Color classification'!F11 -> 159962 | K11: ='Color classification'!G11 -> 13002 | L11: ='Color classification'!H11 -> 146998
B12: 8 | C12: 13800 | D12: 146200 | E12: ='Color clustering'!E12 -> 7 | F12: ='Color clustering'!F12 -> 159993 | G12: ='Color clustering'!G12 -> 13802 | H12: ='Color clustering'!H12 -> 146198 | I12: ='Color classification'!E12 -> 43 | J12: ='Color classification'!F12 -> 159957 | K12: ='Color classification'!G12 -> 13801 | L12: ='Color classification'!H12 -> 146199
B13: 9 | C13: 14600 | D13: 145400 | E13: ='Color clustering'!E13 -> 20 | F13: ='Color clustering'!F13 -> 159980 | G13: ='Color clustering'!G13 -> 14601 | H13: ='Color clustering'!H13 -> 145399 | I13: ='Color classification'!E13 -> 41 | J13: ='Color classification'!F13 -> 159959 | K13: ='Color classification'!G13 -> 14602 | L13: ='Color classification'!H13 -> 145398
B14: 10 | C14: 15400 | D14: 144600 | E14: ='Color clustering'!E14 -> 8 | F14: ='Color clustering'!F14 -> 159992 | G14: ='Color clustering'!G14 -> 15402 | H14: ='Color clustering'!H14 -> 144598 | I14: ='Color classification'!E14 -> 3 | J14: ='Color classification'!F14 -> 159997 | K14: ='Color classification'!G14 -> 15402 | L14: ='Color classification'!H14 -> 144598
B15: 11 | C15: 16200 | D15: 143800 | E15: ='Color clustering'!E15 -> 7 | F15: ='Color clustering'!F15 -> 159993 | G15: ='Color clustering'!G15 -> 16201 | H15: ='Color clustering'!H15 -> 143799 | I15: ='Color classification'!E15 -> 0 | J15: ='Color classification'!F15 -> 160000 | K15: ='Color classification'!G15 -> 16202 | L15: ='Color classification'!H15 -> 143798
... B164: 160 | C164: 200 | D164: 159800 | E164: ='Color clustering'!E164 -> 4 | F164: ='Color clustering'!F164 -> 159996 | G164: ='Color clustering'!G164 -> 199 | H164: ='Color clustering'!H164 -> 159801 | I164: ='Color classification'!E164 -> 0 | J164: ='Color classification'!F164 -> 160000 | K164: ='Color classification'!G164 -> 0 | L164: ='Color classification'!H164 -> 160000
B165: Total | C165: =SUM(C4:C164) -> 4016200 | D165: =SUM(D4:D164) -> 21743800 | E165: =SUM(E4:E164) -> 28799 | F165: =SUM(F4:F164) -> 25731201 | G165: =SUM(G4:G164) -> 4017828 | H165: =SUM(H4:H164) -> 21742172 | I165: =SUM(I4:I164) -> 142984 | J165: =SUM(J4:J164) -> 25617016 | ... L165: =SUM(L4:L164) -> 21743795
B170: image | C170: Error Clustering | I170: Error Classification
C171: Random correction | F171: Color classification | I171: Random correction | L171: Color classification
A172: 3_cylinder/cyl_x | C172: ='Comparison with original'!E3 -> #e65a4a | D172: ='Comparison with original'!F3 -> #ffffff | F172: =G3 -> #e65a4a | G172: =H3 -> #ffffff | I172: ='Comparison with original'!K3 -> #e65a49 | J172: ='Comparison with original'!L3 -> #ffffff | L172: ='Comparison with original'!K3 -> #e65a49 | M172: ='Comparison with original'!L3 -> #ffffff
B173: 0 | C173: =(ABS(C4-E4)/C4)*100 -> 0 | D173: =(ABS(D4-F4)/D4)*100 -> 0 | F173: =(ABS(C4-G4)/C4)*100 -> 0 | G173: =(ABS(D4-H4)/D4)*100 -> 0 | I173: =(ABS(C4-I4)/C4)*100 -> 0 | J173: =(ABS(D4-J4)/D4)*100 -> 0 | L173: =(ABS(C4-K4)/C4)*100 -> 0 | M173: =(ABS(D4-L4)/D4)*100 -> 0
B174: 1 | C174: =(ABS(C5-E5)/C5)*100 -> 100 | D174: =(ABS(D5-F5)/D5)*100 -> 3.2258065 | F174: =(ABS(C5-G5)/C5)*100 -> 0.02 | G174: =(ABS(D5-H5)/D5)*100 -> 0.00064516129 | I174: =(ABS(C5-I5)/C5)*100 -> 100 | J174: =(ABS(D5-J5)/D5)*100 -> 3.2258065 | L174: =(ABS(C5-K5)/C5)*100 -> 0.02 | M174: =(ABS(D5-L5)/D5)*100 -> 0.00064516129
B175: 2 | C175: =(ABS(C6-E6)/C6)*100 -> 100 | D175: =(ABS(D6-F6)/D6)*100 -> 4.5751634 | F175: =(ABS(C6-G6)/C6)*100 -> 0.2 | G175: =(ABS(D6-H6)/D6)*100 -> 0.0091503268 | I175: =(ABS(C6-I6)/C6)*100 -> 100 | J175: =(ABS(D6-J6)/D6)*100 -> 4.5751634 | L175: =(ABS(C6-K6)/C6)*100 -> 0.18571429 | M175: =(ABS(D6-L6)/D6)*100 -> 0.008496732
B176: 3 | C176: =(ABS(C7-E7)/C7)*100 -> 100 | D176: =(ABS(D7-F7)/D7)*100 -> 5.680317 | F176: =(ABS(C7-G7)/C7)*100 -> 0.011627907 | G176: =(ABS(D7-H7)/D7)*100 -> 0.00066050198 | I176: =(ABS(C7-I7)/C7)*100 -> 100 | J176: =(ABS(D7-J7)/D7)*100 -> 5.680317 | L176: =(ABS(C7-K7)/C7)*100 -> 0.011627907 | M176: =(ABS(D7-L7)/D7)*100 -> 0.00066050198
B177: 4 | C177: =(ABS(C8-E8)/C8)*100 -> 99.989796 | D177: =(ABS(D8-F8)/D8)*100 -> 6.523968 | F177: =(ABS(C8-G8)/C8)*100 -> 0.10204082 | G177: =(ABS(D8-H8)/D8)*100 -> 0.0066577896 | I177: =(ABS(C8-I8)/C8)*100 -> 99.989796 | J177: =(ABS(D8-J8)/D8)*100 -> 6.523968 | L177: =(ABS(C8-K8)/C8)*100 -> 0.071428571 | M177: =(ABS(D8-L8)/D8)*100 -> 0.0046604527
B178: 5 | C178: =(ABS(C9-E9)/C9)*100 -> 99.981818 | D178: =(ABS(D9-F9)/D9)*100 -> 7.3812081 | F178: =(ABS(C9-G9)/C9)*100 -> 0.018181818 | G178: =(ABS(D9-H9)/D9)*100 -> 0.0013422819 | I178: =(ABS(C9-I9)/C9)*100 -> 99.918182 | J178: =(ABS(D9-J9)/D9)*100 -> 7.3765101 | L178: =(ABS(C9-K9)/C9)*100 -> 0.0090909091 | M178: =(ABS(D9-L9)/D9)*100 -> 0.00067114094
B179: 6 | C179: =(ABS(C10-E10)/C10)*100 -> 99.327869 | D179: =(ABS(D10-F10)/D10)*100 -> 8.1989175 | F179: =(ABS(C10-G10)/C10)*100 -> 0.0081967213 | G179: =(ABS(D10-H10)/D10)*100 -> 0.00067658999 | I179: =(ABS(C10-I10)/C10)*100 -> 99.893443 | J179: =(ABS(D10-J10)/D10)*100 -> 8.2456022 | L179: =(ABS(C10-K10)/C10)*100 -> 0.016393443 | M179: =(ABS(D10-L10)/D10)*100 -> 0.00135318
B180: 7 | C180: =(ABS(C11-E11)/C11)*100 -> 99.984615 | D180: =(ABS(D11-F11)/D11)*100 -> 8.8421769 | F180: =(ABS(C11-G11)/C11)*100 -> 0.0076923077 | G180: =(ABS(D11-H11)/D11)*100 -> 0.00068027211 | I180: =(ABS(C11-I11)/C11)*100 -> 99.707692 | J180: =(ABS(D11-J11)/D11)*100 -> 8.8176871 | L180: =(ABS(C11-K11)/C11)*100 -> 0.015384615 | M180: =(ABS(D11-L11)/D11)*100 -> 0.0013605442
B181: 8 | C181: =(ABS(C12-E12)/C12)*100 -> 99.949275 | D181: =(ABS(D12-F12)/D12)*100 -> 9.4343365 | F181: =(ABS(C12-G12)/C12)*100 -> 0.014492754 | G181: =(ABS(D12-H12)/D12)*100 -> 0.0013679891 | I181: =(ABS(C12-I12)/C12)*100 -> 99.688406 | J181: =(ABS(D12-J12)/D12)*100 -> 9.4097127 | L181: =(ABS(C12-K12)/C12)*100 -> 0.0072463768 | M181: =(ABS(D12-L12)/D12)*100 -> 0.00068399453
B182: 9 | C182: =(ABS(C13-E13)/C13)*100 -> 99.863014 | D182: =(ABS(D13-F13)/D13)*100 -> 10.02751 | F182: =(ABS(C13-G13)/C13)*100 -> 0.0068493151 | G182: =(ABS(D13-H13)/D13)*100 -> 0.00068775791 | I182: =(ABS(C13-I13)/C13)*100 -> 99.719178 | J182: =(ABS(D13-J13)/D13)*100 -> 10.013067 | L182: =(ABS(C13-K13)/C13)*100 -> 0.01369863 | M182: =(ABS(D13-L13)/D13)*100 -> 0.0013755158
B183: 10 | C183: =(ABS(C14-E14)/C14)*100 -> 99.948052 | D183: =(ABS(D14-F14)/D14)*100 -> 10.644537 | F183: =(ABS(C14-G14)/C14)*100 -> 0.012987013 | G183: =(ABS(D14-H14)/D14)*100 -> 0.0013831259 | I183: =(ABS(C14-I14)/C14)*100 -> 99.980519 | J183: =(ABS(D14-J14)/D14)*100 -> 10.647994 | L183: =(ABS(C14-K14)/C14)*100 -> 0.012987013 | M183: =(ABS(D14-L14)/D14)*100 -> 0.0013831259
B184: 11 | C184: =(ABS(C15-E15)/C15)*100 -> 99.95679 | D184: =(ABS(D15-F15)/D15)*100 -> 11.260779 | F184: =(ABS(C15-G15)/C15)*100 -> 0.0061728395 | G184: =(ABS(D15-H15)/D15)*100 -> 0.00069541029 | I184: =(ABS(C15-I15)/C15)*100 -> 100 | J184: =(ABS(D15-J15)/D15)*100 -> 11.265647 | L184: =(ABS(C15-K15)/C15)*100 -> 0.012345679 | M184: =(ABS(D15-L15)/D15)*100 -> 0.0013908206
... B332: 159 | C332: =(ABS(C163-E163)/C163)*100 -> 95.86 | D332: =(ABS(D163-F163)/D163)*100 -> 3.0922581 | F332: =(ABS(C163-G163)/C163)*100 -> 0 | G332: =(ABS(D163-H163)/D163)*100 -> 0 | I332: =(ABS(C163-I163)/C163)*100 -> 93.28 | J332: =(ABS(D163-J163)/D163)*100 -> 3.0090323 | L332: =(ABS(C163-K163)/C163)*100 -> 0.04 | M332: =(ABS(D163-L163)/D163)*100 -> 0.0012903226
B333: 160 | C333: =(ABS(C164-E164)/C164)*100 -> 98 | D333: =(ABS(D164-F164)/D164)*100 -> 0.12265332 | E333: MAPE | F333: =(ABS(C164-G164)/C164)*100 -> 0.5 | G333: =(ABS(D164-H164)/D164)*100 -> 0.00062578223 | H333: MAPE | I333: =(ABS(C164-I164)/C164)*100 -> 100 | J333: =(ABS(D164-J164)/D164)*100 -> 0.12515645 | K333: MAPE | L333: =(ABS(C164-K164)/C164)*100 -> 100 | M333: =(ABS(D164-L164)/D164)*100 -> 0.12515645 | N333: MAPE
B334: Total | C334: =(ABS(SUM(C4:C164)-SUM(E4:E164))/SUM(C4:C164))*100 -> 99.282929 | D334: =(ABS(SUM(D4:D164)-SUM(F4:F164))/SUM(D4:D164))*100 -> 18.338106 | E334: =SUM(C173:D333)/(161*2) -> 58.646414 | F334: =(ABS(SUM(C4:C164)-SUM(G4:G164))/SUM(C4:C164))*100 -> 0.04053583 | G334: =(ABS(SUM(D4:D164)-SUM(H4:H164))/SUM(D4:D164))*100 -> 0.0074871918 | H334: =SUM(F173:G333)/(161*2) -> 0.025419874 | I334: =(ABS(SUM(C4:C164)-SUM(I4:I164))/SUM(C4:C164))*100 -> 96.439819 | J334: =(ABS(SUM(D4:D164)-SUM(J4:J164))/SUM(D4:D164))*100 -> 17.812967 | K334: =SUM(I173:J333)/(161*2) -> 57.225711 | L334: =(ABS(SUM(C4:C164)-SUM(K4:K164))/SUM(C4:C164))*100 -> 0.00012449579 | M334: =(ABS(SUM(D4:D164)-SUM(L4:L164))/SUM(D4:D164))*100 -> 2.2995061e-05 | N334: =SUM(L173:M333)/(161*2) -> 0.31650501
